loc,alpha,k,rep,bac
0.0005,0.8,2.75,3,0.5073327973942288
0.0005,0.8,2.0,1,0.5063680313828913
0.0005,0.8,2.0,3,0.5065433393850469
0.0005,0.8,2.0,9,0.5074902827957869
0.0005,0.8,2.75,1,0.5038397285737368
0.0005,0.8,2.75,8,0.5007425421358299
0.0005,0.8,2.75,2,0.505129833318018
0.0005,0.8,2.75,9,0.5017715534787525
0.0005,0.8,2.0,0,0.5084971679408198
0.0005,0.8,2.0,6,0.5193991145877335
0.0005,0.8,2.75,5,0.5002565978179219
0.0005,0.8,2.0,4,0.5169784932848073
0.0005,0.8,2.0,8,0.5007353970671657
0.0005,0.8,2.0,2,0.5197042802675511
0.0005,0.8,2.75,7,0.5048435511984647
0.0005,0.8,2.75,6,0.5032840545148729
0.0005,0.8,2.0,5,0.5137360882437134
0.0005,0.8,2.75,4,0.5016612428902862
0.0005,0.8,2.75,0,0.5036240641581605
0.0005,0.8,2.0,7,0.5141619964264644
0.0005,0.8,4.0,0,0.5054222806556077
0.0005,0.8,4.0,1,0.5050870863247122
0.0005,0.8,4.0,2,0.5013304143888538
0.0005,0.8,4.0,4,0.5000389027830259
0.0005,0.8,4.0,8,0.5034121877911247
0.0005,0.8,4.0,3,0.5028800451236745
0.0005,0.8,4.0,5,0.5006170595162849
0.0005,0.8,4.0,6,0.5000192807897411
0.0005,0.8,4.0,9,0.5020676111776755
0.0005,0.8,4.0,7,0.5011037274151589
0.0005,0.8,6.0,0,0.5010936368402198
0.0005,0.8,6.0,2,0.512636719145126
0.0005,0.8,6.0,1,0.5021341897266243
0.0005,0.8,6.0,8,0.5035033136668443
0.0005,0.8,6.0,3,0.5002863391328065
0.0005,0.8,6.0,4,0.5085677075922743
0.0005,0.8,6.0,5,0.5076512258099222
0.0005,0.8,6.0,6,0.5023283353686167
0.0005,0.8,6.0,7,0.5030553758362084
0.0005,0.8,6.0,9,0.5047012930004071
0.0005,1.1,2.0,0,0.5042931744854239
0.0005,1.1,2.0,1,0.5125359646572282
0.0005,1.1,2.0,2,0.5097286099049928
0.0005,1.1,2.0,4,0.510458124696147
0.0005,1.1,2.0,3,0.519263234079382
0.0005,1.1,2.0,6,0.5053865406327043
0.0005,1.1,2.0,8,0.5102231682446469
0.0005,1.1,2.75,3,0.5035153128195691
0.0005,1.1,2.75,1,0.5070389871196729
0.0005,1.1,2.0,7,0.5089353116644046
0.0005,1.1,2.75,0,0.5073300714221552
0.0005,1.1,2.0,9,0.5000508588084634
0.0005,1.1,2.0,5,0.5154577871574133
0.0005,1.1,2.75,7,0.5061780543847793
0.0005,1.1,2.75,2,0.5035947994091189
0.0005,1.1,2.75,4,0.5090652689841278
0.0005,1.1,2.75,6,0.5095798323899348
0.0005,1.1,2.75,5,0.5013583954675483
0.0005,1.1,2.75,8,0.5089445309569425
0.0005,1.1,2.75,9,0.5041306197482501
0.0005,1.1,4.0,0,0.5065963699994435
0.0005,1.1,4.0,1,0.5065298947894861
0.0005,1.1,4.0,2,0.5006377240873251
0.0005,1.1,4.0,3,0.5024481379974963
0.0005,1.1,4.0,7,0.5085960581067855
0.0005,1.1,4.0,5,0.5074129592664672
0.0005,1.1,4.0,6,0.503117327685742
0.0005,1.1,4.0,4,0.5102356644145077
0.0005,1.1,4.0,8,0.5062847553964993
0.0005,1.1,6.0,3,0.505749425008429
0.0005,1.1,6.0,1,0.558007770824228
0.0005,1.1,4.0,9,0.5017263478724889
0.0005,1.1,6.0,0,0.503754796975526
0.0005,1.1,6.0,5,0.5076173249595431
0.0005,1.1,6.0,2,0.5033989700832492
0.0005,1.1,6.0,4,0.5095143219675171
0.0005,1.1,6.0,7,0.5064780062840777
0.0005,1.1,6.0,6,0.5256321698936789
0.0005,1.1,6.0,8,0.5198713759639231
0.0005,1.1,6.0,9,0.5073633108738114
0.0005,1.4,2.0,0,0.5005165536928575
0.0005,1.4,2.0,1,0.5130994550181763
0.0005,1.4,2.0,2,0.5081774556399951
0.0005,1.4,2.0,4,0.5001329478595845
0.0005,1.4,2.0,3,0.5150747794478663
0.0005,1.4,2.0,5,0.5013907753824912
0.0005,1.4,2.0,6,0.5067035545775955
0.0005,1.4,2.0,7,0.5054302258765384
0.0005,1.4,2.0,8,0.5032178309233551
0.0005,1.4,2.0,9,0.5025673642578102
0.0005,1.4,2.75,0,0.5022270497503697
0.0005,1.4,2.75,2,0.5026978195948348
0.0005,1.4,2.75,6,0.5080324090074729
0.0005,1.4,2.75,1,0.5021413634231583
0.0005,1.4,2.75,5,0.5127990319165899
0.0005,1.4,2.75,4,0.5033851925041382
0.0005,1.4,2.75,3,0.5120006269758481
0.0005,1.4,2.75,7,0.5074032983598665
0.0005,1.4,2.75,8,0.5032128708756891
0.0005,1.4,4.0,0,0.5149949781211107
0.0005,1.4,2.75,9,0.502788829704698
0.0005,1.4,4.0,1,0.5034331840854274
0.0005,1.4,4.0,2,0.5040915203816853
0.0005,1.4,4.0,4,0.5015890706233198
0.0005,1.4,4.0,3,0.5087582441295421
0.0005,1.4,4.0,5,0.5050623935745441
0.0005,1.4,4.0,8,0.5019661138943545
0.0005,1.4,4.0,7,0.504441493130009
0.0005,1.4,4.0,9,0.5008132506577025
0.0005,1.4,6.0,2,0.585466797961567
0.0005,1.4,6.0,0,0.5609817522377216
0.0005,1.4,6.0,1,0.5663452820603929
0.0005,1.4,6.0,4,0.5128775716210442
0.0005,1.4,6.0,7,0.6213803766269
0.0005,1.4,4.0,6,0.5087230772972461
0.0005,1.4,6.0,3,0.5131923497570269
0.0005,1.4,6.0,6,0.534963352098902
0.0005,1.4,6.0,8,0.503382787508588
0.0005,1.4,6.0,5,0.6039103490210619
0.0005,1.4,6.0,9,0.605965933343283
0.0005,1.6,2.0,2,0.5010336428331702
0.0005,1.6,2.0,3,0.510848811215417
0.0005,1.6,2.0,0,0.5048610389083293
0.0005,1.6,2.0,1,0.5059966350060523
0.0005,1.6,2.0,5,0.5122972833211338
0.0005,1.6,2.0,6,0.5036149480682729
0.0005,1.6,2.0,4,0.5017701966979942
0.0005,1.6,2.0,9,0.5022427403778597
0.0005,1.6,2.0,7,0.502370291729207
0.0005,1.6,2.0,8,0.50350109364551
0.0005,1.6,2.75,0,0.5040777624568101
0.0005,1.6,2.75,1,0.5106897333126786
0.0005,1.6,2.75,2,0.5016124756195864
0.0005,1.6,2.75,3,0.5051234505911426
0.0005,1.6,2.75,9,0.5045975642442905
0.0005,1.6,2.75,7,0.5015494601151333
0.0005,1.6,2.75,5,0.5001225553764588
0.0005,1.6,4.0,0,0.5008933509227063
0.0005,1.6,2.75,6,0.5030437246709626
0.0005,1.6,4.0,1,0.520142033988694
0.0005,1.6,2.75,4,0.5008240525981635
0.0005,1.6,4.0,3,0.6411319549825574
0.0005,1.6,2.75,8,0.5060438830817164
0.0005,1.6,4.0,4,0.5413618331439625
0.0005,1.6,4.0,7,0.5108851267427388
0.0005,1.6,4.0,5,0.5611971186758704
0.0005,1.6,4.0,8,0.5517047368825214
0.0005,1.6,4.0,9,0.5029531427781953
0.0005,1.6,4.0,2,0.5073685077703367
0.0005,1.6,4.0,6,0.5027004306096378
0.0005,1.6,6.0,1,0.5505091668685957
0.0005,1.6,6.0,0,0.5958549563609195
0.0005,1.6,6.0,2,0.5839621747244397
0.0005,1.6,6.0,4,0.507837840152707
0.0005,1.6,6.0,3,0.5067154853540934
0.0005,1.6,6.0,7,0.6164974786879169
0.0005,1.6,6.0,5,0.5896307665066323
0.0005,1.6,6.0,6,0.6025758015048297
0.0005,1.6,6.0,8,0.5843604157035949
0.0005,1.6,6.0,9,0.591240372196427
0.0006,0.8,2.0,4,0.5201799782024344
0.0006,0.8,2.0,3,0.509800913937871
0.0006,0.8,2.0,1,0.5074890390269202
0.0006,0.8,2.0,6,0.5231223070896984
0.0006,0.8,2.0,5,0.5167487011211376
0.0006,0.8,2.0,7,0.5163086103261215
0.0006,0.8,2.0,8,0.5021819909689332
0.0006,0.8,2.0,0,0.5108229825931975
0.0006,0.8,2.75,0,0.5046976128825806
0.0006,0.8,2.0,9,0.5084694174168016
0.0006,0.8,2.75,1,0.5044753010778924
0.0006,0.8,2.75,3,0.5074291550739358
0.0006,0.8,2.0,2,0.5258766866160074
0.0006,0.8,2.75,5,0.5025042602202058
0.0006,0.8,2.75,4,0.5022470659717156
0.0006,0.8,2.75,2,0.5052904118651981
0.0006,0.8,2.75,6,0.5036305487072751
0.0006,0.8,4.0,0,0.5055773683125719
0.0006,0.8,2.75,9,0.5008198243813226
0.0006,0.8,4.0,1,0.5053963256726559
0.0006,0.8,2.75,7,0.5054788695680947
0.0006,0.8,2.75,8,0.5023924029909927
0.0006,0.8,4.0,2,0.5033440888709232
0.0006,0.8,4.0,3,0.503076545891832
0.0006,0.8,4.0,5,0.5006170595162849
0.0006,0.8,4.0,4,0.5007562628978035
0.0006,0.8,6.0,1,0.5028993390003935
0.0006,0.8,4.0,6,0.500212888719922
0.0006,0.8,6.0,3,0.5028078119139752
0.0006,0.8,4.0,8,0.5031131149170344
0.0006,0.8,6.0,0,0.5020731775844759
0.0006,0.8,4.0,9,0.5029931454373016
0.0006,0.8,6.0,5,0.6909032931614261
0.0006,0.8,6.0,4,0.5091850091087344
0.0006,0.8,4.0,7,0.5002139651204645
0.0006,0.8,6.0,7,0.5041625595532078
0.0006,0.8,6.0,6,0.503394699046873
0.0006,0.8,6.0,2,0.5143926329332614
0.0006,0.8,6.0,8,0.502198031123079
0.0006,0.8,6.0,9,0.5051622641128841
0.0006,1.1,2.0,3,0.522345988842698
0.0006,1.1,2.0,4,0.5063305674335118
0.0006,1.1,2.0,0,0.5084782753080072
0.0006,1.1,2.0,1,0.5140208397985397
0.0006,1.1,2.0,2,0.5108291042149121
0.0006,1.1,2.0,6,0.5081862553090174
0.0006,1.1,2.0,8,0.5124792349254477
0.0006,1.1,2.0,5,0.5169752404518875
0.0006,1.1,2.0,7,0.5103061310657108
0.0006,1.1,2.0,9,0.5011514822456031
0.0006,1.1,2.75,1,0.5055290090430697
0.0006,1.1,2.75,0,0.5092268177266297
0.0006,1.1,2.75,2,0.5040426943031171
0.0006,1.1,2.75,5,0.5014071854753548
0.0006,1.1,2.75,3,0.5048096021519388
0.0006,1.1,2.75,8,0.5084454561608337
0.0006,1.1,2.75,6,0.5123245048117171
0.0006,1.1,2.75,4,0.5108804620337855
0.0006,1.1,2.75,9,0.5030038014733065
0.0006,1.1,4.0,1,0.5052837326545996
0.0006,1.1,4.0,5,0.5082084885487971
0.0006,1.1,4.0,6,0.5030173235895742
0.0006,1.1,2.75,7,0.5053252594923798
0.0006,1.1,4.0,4,0.5099282243653173
0.0006,1.1,4.0,2,0.5006377240873251
0.0006,1.1,4.0,3,0.5022316787118106
0.0006,1.1,4.0,0,0.5064181529979928
0.0006,1.1,4.0,8,0.5060838234655435
0.0006,1.1,4.0,7,0.5094155272366553
0.0006,1.1,4.0,9,0.5018240231997012
0.0006,1.1,6.0,2,0.5030520174190648
0.0006,1.1,6.0,3,0.5066782421394986
0.0006,1.1,6.0,0,0.6169212173410179
0.0006,1.1,6.0,1,0.583945506279931
0.0006,1.1,6.0,4,0.506595202414342
0.0006,1.1,6.0,5,0.5098013081965932
0.0006,1.1,6.0,8,0.5367911335627935
0.0006,1.1,6.0,7,0.5084798662553447
0.0006,1.1,6.0,6,0.6462419100686364
0.0006,1.4,2.0,0,0.5010577273324196
0.0006,1.4,2.0,1,0.514412676708181
0.0006,1.1,6.0,9,0.5058612900691468
0.0006,1.4,2.0,3,0.5146270597280218
0.0006,1.4,2.0,2,0.5079347352783022
0.0006,1.4,2.0,4,0.5014074542615137
0.0006,1.4,2.0,6,0.5055367867867868
0.0006,1.4,2.0,5,0.5187764282544336
0.0006,1.4,2.0,7,0.5060441552478219
0.0006,1.4,2.0,8,0.5035717093241266
0.0006,1.4,2.75,0,0.500895606834117
0.0006,1.4,2.0,9,0.501289230271595
0.0006,1.4,2.75,1,0.5014671810237097
0.0006,1.4,2.75,2,0.5026978195948348
0.0006,1.4,2.75,3,0.512166153486748
0.0006,1.4,2.75,4,0.5039028256508141
0.0006,1.4,2.75,5,0.5151062509485834
0.0006,1.4,2.75,6,0.5085808314708571
0.0006,1.4,2.75,9,0.5003200713011878
0.0006,1.4,2.75,8,0.5003354582237535
0.0006,1.4,4.0,0,0.5170013187027691
0.0006,1.4,2.75,7,0.5070676313415488
0.0006,1.4,4.0,1,0.5035821258336208
0.0006,1.4,4.0,2,0.5045910614165467
0.0006,1.4,4.0,4,0.5016891292216373
0.0006,1.4,4.0,5,0.5050086405142619
0.0006,1.4,4.0,3,0.5080025243268592
0.0006,1.4,4.0,6,0.5124940317555408
0.0006,1.4,4.0,7,0.5040844371133444
0.0006,1.4,4.0,9,0.5013302034804594
0.0006,1.4,4.0,8,0.5024153432114483
0.0006,1.4,6.0,0,0.6320027604352434
0.0006,1.4,6.0,3,0.5128248146081046
0.0006,1.4,6.0,4,0.63617338858329
0.0006,1.4,6.0,5,0.6180485245645482
0.0006,1.4,6.0,2,0.6333721661911511
0.0006,1.4,6.0,1,0.6008179955049038
0.0006,1.4,6.0,9,0.6382093172856833
0.0006,1.4,6.0,7,0.6397801747949018
0.0006,1.4,6.0,8,0.615174651828404
0.0006,1.4,6.0,6,0.6485159232122149
0.0006,1.6,2.0,0,0.5058438459722112
0.0006,1.6,2.0,1,0.5042594198364475
0.0006,1.6,2.0,3,0.510848811215417
0.0006,1.6,2.0,2,0.5014388217835732
0.0006,1.6,2.0,4,0.5003988235670338
0.0006,1.6,2.0,8,0.5060553031914636
0.0006,1.6,2.0,5,0.5126049125253996
0.0006,1.6,2.0,9,0.502603654814233
0.0006,1.6,2.0,6,0.5038072759460227
0.0006,1.6,2.0,7,0.502753911178713
0.0006,1.6,2.75,0,0.5042248068642212
0.0006,1.6,2.75,1,0.5118994366607169
0.0006,1.6,2.75,2,0.5009894068559975
0.0006,1.6,2.75,3,0.5051234505911426
0.0006,1.6,2.75,6,0.5030437246709626
0.0006,1.6,2.75,7,0.5016496427771792
0.0006,1.6,2.75,8,0.5060438830817164
0.0006,1.6,2.75,4,0.5005262982212904
0.0006,1.6,2.75,5,0.5011934540219617
0.0006,1.6,2.75,9,0.5053098677214721
0.0006,1.6,4.0,0,0.500383044753911
0.0006,1.6,4.0,1,0.526947450751898
0.0006,1.6,4.0,2,0.6229159202126775
0.0006,1.6,4.0,4,0.6312767509164067
0.0006,1.6,4.0,5,0.6460969354591848
0.0006,1.6,4.0,3,0.6562411936671594
0.0006,1.6,4.0,7,0.5102095149064337
0.0006,1.6,6.0,0,0.6313768675682663
0.0006,1.6,4.0,6,0.5035036635100574
0.0006,1.6,4.0,9,0.6105503001119954
0.0006,1.6,4.0,8,0.5745852467642214
0.0006,1.6,6.0,1,0.639049120621365
0.0006,1.6,6.0,4,0.6413603762907709
0.0006,1.6,6.0,3,0.6468557734032695
0.0006,1.6,6.0,2,0.6157082159944913
0.0006,1.6,6.0,5,0.6503179715652315
0.0006,1.6,6.0,6,0.626907198118835
0.0006,1.6,6.0,7,0.6366070142029261
0.0006,1.6,6.0,8,0.614008800624574
0.0006,1.6,6.0,9,0.6103892588918066
0.0008,0.8,2.0,0,0.5119354920581465
0.0008,0.8,2.0,1,0.5110044704936006
0.0008,0.8,2.0,2,0.5288199366324002
0.0008,0.8,2.0,3,0.5145066076212336
0.0008,0.8,2.0,6,0.5254797636511191
0.0008,0.8,2.0,5,0.5191187588014132
0.0008,0.8,2.0,4,0.525901518965567
0.0008,0.8,2.0,7,0.5216198793097466
0.0008,0.8,2.75,2,0.5065984307593355
0.0008,0.8,2.75,1,0.5062034315662518
0.0008,0.8,2.75,5,0.5041714055812887
0.0008,0.8,2.0,9,0.5150327151311589
0.0008,0.8,2.0,8,0.5036265798514323
0.0008,0.8,2.75,3,0.5085296975730803
0.0008,0.8,2.75,4,0.5021958259635173
0.0008,0.8,2.75,0,0.5063372203003735
0.0008,0.8,2.75,6,0.5048331579661502
0.0008,0.8,2.75,7,0.5056749570925172
0.0008,0.8,2.75,8,0.5023419375060194
0.0008,0.8,4.0,0,0.5062017405652057
0.0008,0.8,2.75,9,0.5011038952904483
0.0008,0.8,4.0,1,0.5061853822656276
0.0008,0.8,4.0,4,0.5026105888652631
0.0008,0.8,4.0,3,0.5021573625258714
0.0008,0.8,4.0,2,0.5014134962241316
0.0008,0.8,4.0,7,0.500422886043895
0.0008,0.8,4.0,5,0.5009734787283571
0.0008,0.8,4.0,6,0.5011462069486367
0.0008,0.8,4.0,8,0.5019158934117357
0.0008,0.8,6.0,0,0.7355451325890173
0.0008,0.8,6.0,3,0.7426794400911798
0.0008,0.8,4.0,9,0.503468404643126
0.0008,0.8,6.0,4,0.7233560262231973
0.0008,0.8,6.0,1,0.7243696804526405
0.0008,0.8,6.0,6,0.7489498769869614
0.0008,0.8,6.0,2,0.7364095772875623
0.0008,0.8,6.0,5,0.7289361648988595
0.0008,0.8,6.0,7,0.7393078075323958
0.0008,0.8,6.0,8,0.7190805603641851
0.0008,1.1,2.0,2,0.5123319574129392
0.0008,0.8,6.0,9,0.7352474935902693
0.0008,1.1,2.0,1,0.5156795194996029
0.0008,1.1,2.0,5,0.5221148014875069
0.0008,1.1,2.0,3,0.5300463314001578
0.0008,1.1,2.0,0,0.5100258855580243
0.0008,1.1,2.0,4,0.5082877636459016
0.0008,1.1,2.0,8,0.5137483121212795
0.0008,1.1,2.0,6,0.5110622931115258
0.0008,1.1,2.0,7,0.5120083396856655
0.0008,1.1,2.0,9,0.5030763725804845
0.0008,1.1,2.75,0,0.5093087608324639
0.0008,1.1,2.75,1,0.5048831562415798
0.0008,1.1,2.75,2,0.5047427097664587
0.0008,1.1,2.75,4,0.5128033681645319
0.0008,1.1,2.75,3,0.5059517841472609
0.0008,1.1,2.75,5,0.5045501985541188
0.0008,1.1,2.75,6,0.5136277581929756
0.0008,1.1,2.75,7,0.507785665526097
0.0008,1.1,2.75,9,0.5079661123246653
0.0008,1.1,4.0,2,0.5004083040194358
0.0008,1.1,2.75,8,0.5088993355226143
0.0008,1.1,4.0,3,0.5029337118047751
0.0008,1.1,4.0,0,0.5074783813408456
0.0008,1.1,4.0,1,0.5028324095122976
0.0008,1.1,4.0,6,0.5030275640090218
0.0008,1.1,4.0,5,0.5091735621076386
0.0008,1.1,4.0,4,0.5097696615045635
0.0008,1.1,4.0,7,0.5119500383854879
0.0008,1.1,4.0,9,0.500743621216802
0.0008,1.1,4.0,8,0.5002147020632868
0.0008,1.1,6.0,1,0.6861031170751977
0.0008,1.1,6.0,0,0.7067598880623761
0.0008,1.1,6.0,2,0.6652975864236841
0.0008,1.1,6.0,3,0.7230727452613392
0.0008,1.1,6.0,4,0.6812352586168564
0.0008,1.1,6.0,7,0.7023121236719698
0.0008,1.1,6.0,6,0.6853003099006936
0.0008,1.1,6.0,5,0.7020590343885103
0.0008,1.1,6.0,8,0.6665832558650888
0.0008,1.1,6.0,9,0.7049788282074498
0.0008,1.4,2.0,4,0.5043216509316516
0.0008,1.4,2.0,1,0.5179645669617097
0.0008,1.4,2.0,2,0.509272309825324
0.0008,1.4,2.0,3,0.517476491109557
0.0008,1.4,2.0,0,0.5027202089916347
0.0008,1.4,2.0,5,0.5212647586771768
0.0008,1.4,2.0,8,0.5035717093241266
0.0008,1.4,2.0,6,0.5114487089391181
0.0008,1.4,2.0,7,0.5067506083166377
0.0008,1.4,2.75,0,0.5004564844242723
0.0008,1.4,2.75,1,0.5019560829499833
0.0008,1.4,2.75,3,0.5126961207251369
0.0008,1.4,2.75,2,0.5029335448020047
0.0008,1.4,2.0,9,0.5016076106149567
0.0008,1.4,2.75,5,0.5063503457166295
0.0008,1.4,2.75,4,0.5034097969134644
0.0008,1.4,2.75,6,0.5101414553940129
0.0008,1.4,2.75,7,0.5071507028049171
0.0008,1.4,2.75,9,0.5015183700655399
0.0008,1.4,2.75,8,0.5013846933069027
0.0008,1.4,4.0,0,0.6764050043858219
0.0008,1.4,4.0,1,0.6708790372591092
0.0008,1.4,4.0,3,0.5078514484636227
0.0008,1.4,4.0,2,0.506389221137895
0.0008,1.4,4.0,6,0.6504490423927765
0.0008,1.4,4.0,5,0.6773939043469296
0.0008,1.4,4.0,4,0.5033372444238243
0.0008,1.4,4.0,9,0.6559426421502196
0.0008,1.4,4.0,8,0.5079073359894989
0.0008,1.4,6.0,0,0.6775070846372644
0.0008,1.4,6.0,1,0.6619992115737319
0.0008,1.4,6.0,2,0.6675073952383608
0.0008,1.4,4.0,7,0.6758932494027035
0.0008,1.4,6.0,3,0.6921095938721082
0.0008,1.4,6.0,4,0.6730520562061966
0.0008,1.4,6.0,5,0.6574652474257767
0.0008,1.4,6.0,6,0.688560603442317
0.0008,1.4,6.0,8,0.6771635325415477
0.0008,1.4,6.0,7,0.7111984159598355
0.0008,1.4,6.0,9,0.6812376802716131
0.0008,1.6,2.0,0,0.5064340344142437
0.0008,1.6,2.0,1,0.5041263762804336
0.0008,1.6,2.0,2,0.5008416285915755
0.0008,1.6,2.0,4,0.5003011863867955
0.0008,1.6,2.0,5,0.5051358387462624
0.0008,1.6,2.0,3,0.5115253779209886
0.0008,1.6,2.0,8,0.5065045325085574
0.0008,1.6,2.0,9,0.502603654814233
0.0008,1.6,2.0,7,0.5026974031481861
0.0008,1.6,2.75,0,0.5035996793064366
0.0008,1.6,2.0,6,0.5012148497602462
0.0008,1.6,2.75,1,0.5117084182308302
0.0008,1.6,2.75,4,0.5009943423266402
0.0008,1.6,2.75,3,0.6605281590547838
0.0008,1.6,2.75,2,0.6747971862698448
0.0008,1.6,2.75,5,0.6773733717185417
0.0008,1.6,2.75,6,0.5069319639332427
0.0008,1.6,2.75,7,0.5024810486712318
0.0008,1.6,4.0,0,0.6781800515226156
0.0008,1.6,2.75,9,0.5069965431218859
0.0008,1.6,2.75,8,0.5063417159438902
0.0008,1.6,4.0,1,0.6763595162951517
0.0008,1.6,4.0,2,0.6632660215464159
0.0008,1.6,4.0,3,0.706267963917564
0.0008,1.6,4.0,4,0.668509946164872
0.0008,1.6,4.0,5,0.6908109963952229
0.0008,1.6,4.0,7,0.6754743756744235
0.0008,1.6,4.0,9,0.6559506767013107
0.0008,1.6,4.0,6,0.6688670767954655
0.0008,1.6,4.0,8,0.6462826857766103
0.0008,1.6,6.0,1,0.6662501170228007
0.0008,1.6,6.0,0,0.6789619524183965
0.0008,1.6,6.0,3,0.7045472953574986
0.0008,1.6,6.0,5,0.6794891530086664
0.0008,1.6,6.0,2,0.6580432661757498
0.0008,1.6,6.0,4,0.6849847744833284
0.0008,1.6,6.0,6,0.6903949985791418
0.0008,1.6,6.0,7,0.6767771460025349
0.0008,1.6,6.0,9,0.6446988832354199
0.0008,1.6,6.0,8,0.6754910064685722
0.001,0.8,2.0,2,0.5314406745245003
0.001,0.8,2.0,3,0.5355442069847081
0.001,0.8,2.0,0,0.515513072436395
0.001,0.8,2.0,1,0.5154782207723818
0.001,0.8,2.0,4,0.5333490505379571
0.001,0.8,2.0,6,0.5435078620820308
0.001,0.8,2.0,7,0.5244601128792116
0.001,0.8,2.0,5,0.5230807155633
0.001,0.8,2.0,9,0.5374716154218395
0.001,0.8,2.0,8,0.5210147869521026
0.001,0.8,2.75,0,0.507259702992606
0.001,0.8,2.75,2,0.5007673919516882
0.001,0.8,2.75,1,0.5095914373717633
0.001,0.8,2.75,3,0.5092571970534379
0.001,0.8,2.75,4,0.5044164864711369
0.001,0.8,2.75,5,0.5054134895125898
0.001,0.8,2.75,6,0.5066816336797155
0.001,0.8,2.75,8,0.5081894237003618
0.001,0.8,4.0,0,0.5069181099856153
0.001,0.8,4.0,1,0.5070527342034077
0.001,0.8,2.75,7,0.5077436739633006
0.001,0.8,4.0,3,0.5024250950728439
0.001,0.8,2.75,9,0.501724496823981
0.001,0.8,4.0,4,0.7541001712242758
0.001,0.8,4.0,2,0.5008608990172593
0.001,0.8,4.0,6,0.5007461905639655
0.001,0.8,4.0,5,0.5006195410425228
0.001,0.8,4.0,8,0.502266981785695
0.001,0.8,4.0,7,0.7466668151373719
0.001,0.8,4.0,9,0.50332665435009
0.001,0.8,6.0,1,0.75873541877394
0.001,0.8,6.0,2,0.7692547878382634
0.001,0.8,6.0,0,0.774316851751276
0.001,0.8,6.0,3,0.774810890793201
0.001,0.8,6.0,5,0.7625699310103686
0.001,0.8,6.0,4,0.777821953648935
0.001,0.8,6.0,6,0.7812995220284222
0.001,0.8,6.0,9,0.766809541596742
0.001,0.8,6.0,8,0.7515464623615034
0.001,0.8,6.0,7,0.7745734119562857
0.001,1.1,2.0,0,0.5116534281014873
0.001,1.1,2.0,1,0.5181808083887547
0.001,1.1,2.0,2,0.5187006080964328
0.001,1.1,2.0,4,0.5191700967754757
0.001,1.1,2.0,3,0.5362696535317523
0.001,1.1,2.0,5,0.5196826656266671
0.001,1.1,2.0,6,0.5152115030631654
0.001,1.1,2.0,7,0.5139683182950642
0.001,1.1,2.0,8,0.5168588820138562
0.001,1.1,2.0,9,0.506137646608545
0.001,1.1,2.75,0,0.5087876953167849
0.001,1.1,2.75,1,0.5044227039751313
0.001,1.1,2.75,2,0.5049943603254196
0.001,1.1,2.75,3,0.5062928214349791
0.001,1.1,2.75,4,0.515660701533246
0.001,1.1,2.75,7,0.7019893651896567
0.001,1.1,2.75,5,0.5965471403532029
0.001,1.1,2.75,6,0.5160368168680189
0.001,1.1,4.0,0,0.7079186462122562
0.001,1.1,2.75,8,0.5122408426344978
0.001,1.1,2.75,9,0.5026452683858245
0.001,1.1,4.0,1,0.683707747765346
0.001,1.1,4.0,5,0.7113493483031803
0.001,1.1,4.0,3,0.7222496091315114
0.001,1.1,4.0,2,0.6974932076249565
0.001,1.1,4.0,4,0.7095182522692589
0.001,1.1,4.0,6,0.7201533374807032
0.001,1.1,4.0,7,0.7134865528970316
0.001,1.1,4.0,9,0.7172071047924387
0.001,1.1,6.0,1,0.7241488866798172
0.001,1.1,4.0,8,0.705358043490798
0.001,1.1,6.0,0,0.7340146692665304
0.001,1.1,6.0,2,0.7015548423464675
0.001,1.1,6.0,8,0.7267398439699005
0.001,1.1,6.0,3,0.7482551168411473
0.001,1.1,6.0,6,0.7391971575155718
0.001,1.1,6.0,7,0.7404580497575424
0.001,1.1,6.0,5,0.7380059431752906
0.001,1.1,6.0,9,0.727989362294378
0.001,1.1,6.0,4,0.7122034948547267
0.001,1.4,2.0,0,0.5015951344502693
0.001,1.4,2.0,2,0.5085694742996872
0.001,1.4,2.0,1,0.5257923755531988
0.001,1.4,2.0,3,0.517702243673851
0.001,1.4,2.0,4,0.5087464122488694
0.001,1.4,2.0,5,0.5336129132861875
0.001,1.4,2.0,6,0.50260642675924
0.001,1.4,2.0,7,0.507355085453757
0.001,1.4,2.0,9,0.5058898262331715
0.001,1.4,2.75,2,0.5027462306642354
0.001,1.4,2.0,8,0.5046701698803325
0.001,1.4,2.75,0,0.6935905125029563
0.001,1.4,2.75,1,0.5034383267353835
0.001,1.4,2.75,3,0.7115648623379028
0.001,1.4,2.75,5,0.6934588649402929
0.001,1.4,2.75,4,0.6921403850951271
0.001,1.4,2.75,8,0.5023401274886251
0.001,1.4,2.75,6,0.680707161765346
0.001,1.4,4.0,0,0.7129093875216526
0.001,1.4,2.75,7,0.7087754832508564
0.001,1.4,2.75,9,0.5053038142925679
0.001,1.4,4.0,1,0.703483778156046
0.001,1.4,4.0,2,0.7082809759267582
0.001,1.4,4.0,3,0.7374413056351437
0.001,1.4,4.0,4,0.7048527399586293
0.001,1.4,4.0,5,0.7136775402343457
0.001,1.4,4.0,7,0.7168485678252301
0.001,1.4,4.0,6,0.7077809907093795
0.001,1.4,4.0,9,0.6843404478032536
0.001,1.4,4.0,8,0.7125636277364625
0.001,1.4,6.0,3,0.7232658011072541
0.001,1.4,6.0,0,0.7083140209476031
0.001,1.4,6.0,2,0.6910227046915466
0.001,1.4,6.0,1,0.7184573188718415
0.001,1.4,6.0,4,0.7242065643323357
0.001,1.4,6.0,6,0.7252044243732223
0.001,1.4,6.0,5,0.6995494909188948
0.001,1.4,6.0,8,0.7161778574692104
0.001,1.4,6.0,7,0.7325493348767875
0.001,1.6,2.0,1,0.5039501804885039
0.001,1.4,6.0,9,0.7264077964322111
0.001,1.6,2.0,0,0.5069731972414175
0.001,1.6,2.0,2,0.5019867188866202
0.001,1.6,2.0,3,0.5130285557215571
0.001,1.6,2.0,4,0.5002572206386948
0.001,1.6,2.0,6,0.5008670755154131
0.001,1.6,2.0,5,0.6976120593209647
0.001,1.6,2.0,7,0.5026451729173285
0.001,1.6,2.0,8,0.5084070307915659
0.001,1.6,2.0,9,0.502603654814233
0.001,1.6,2.75,0,0.7006996596695031
0.001,1.6,2.75,2,0.7015209165970476
0.001,1.6,2.75,1,0.6838124617234014
0.001,1.6,2.75,4,0.6834686966074812
0.001,1.6,2.75,5,0.7177004144629113
0.001,1.6,2.75,3,0.7176764247827867
0.001,1.6,2.75,7,0.699901628640484
0.001,1.6,2.75,9,0.5072526381843732
0.001,1.6,2.75,8,0.7016998083351581
0.001,1.6,2.75,6,0.699674978687127
0.001,1.6,4.0,0,0.7223571695200578
0.001,1.6,4.0,1,0.7064904524652509
0.001,1.6,4.0,2,0.6889380286410527
0.001,1.6,4.0,5,0.7237245595531075
0.001,1.6,4.0,3,0.745619030295247
0.001,1.6,4.0,4,0.7024897961242023
0.001,1.6,4.0,7,0.7130921537930894
0.001,1.6,4.0,6,0.6968886245580619
0.001,1.6,4.0,8,0.685609723709445
0.001,1.6,4.0,9,0.709440225321231
0.001,1.6,6.0,0,0.7188248174144836
0.001,1.6,6.0,1,0.7027071429636977
0.001,1.6,6.0,3,0.7379413401043948
0.001,1.6,6.0,4,0.7176883069800999
0.001,1.6,6.0,2,0.71227409913485
0.001,1.6,6.0,6,0.7311157064993382
0.001,1.6,6.0,5,0.7226103942969083
0.001,1.6,6.0,7,0.7203676992223151
0.001,1.6,6.0,8,0.7172884231417465
0.001,1.6,6.0,9,0.7060551678892992
0.0011,0.8,2.0,3,0.5349798305811275
0.0011,0.8,2.0,0,0.5167565398096485
0.0011,0.8,2.0,2,0.5332449443808214
0.0011,0.8,2.0,1,0.5206067884720318
0.0011,0.8,2.0,4,0.5355793967178939
0.0011,0.8,2.0,5,0.5242268604882747
0.0011,0.8,2.0,8,0.5241624922015501
0.0011,0.8,2.0,6,0.5478493999114203
0.0011,0.8,2.0,7,0.5345301985657429
0.0011,0.8,2.0,9,0.538823571223684
0.0011,0.8,2.75,0,0.5087233593244006
0.0011,0.8,2.75,2,0.5001725488116032
0.0011,0.8,2.75,3,0.5095992658149671
0.0011,0.8,2.75,1,0.5117106894011415
0.0011,0.8,2.75,4,0.5053097496017568
0.0011,0.8,2.75,5,0.5063727595020041
0.0011,0.8,2.75,8,0.5038506320045736
0.0011,0.8,2.75,7,0.5088011119794611
0.0011,0.8,2.75,6,0.5073326203441293
0.0011,0.8,2.75,9,0.5029394650305719
0.0011,0.8,4.0,0,0.7393992146767215
0.0011,0.8,4.0,2,0.7399748760450118
0.0011,0.8,4.0,1,0.7467020981241423
0.0011,0.8,4.0,4,0.7617034540108069
0.0011,0.8,4.0,3,0.7645780997720784
0.0011,0.8,4.0,6,0.7502996122721186
0.0011,0.8,4.0,5,0.7576639536380456
0.0011,0.8,4.0,7,0.7615320688057328
0.0011,0.8,4.0,8,0.7400873372393109
0.0011,0.8,4.0,9,0.7498379281960474
0.0011,0.8,6.0,0,0.7880143456757964
0.0011,0.8,6.0,1,0.7735963614691014
0.0011,0.8,6.0,6,0.7889363148314554
0.0011,0.8,6.0,4,0.7880460512894771
0.0011,0.8,6.0,2,0.7794104171761154
0.0011,0.8,6.0,5,0.7746806996174926
0.0011,0.8,6.0,3,0.7884413565478898
0.0011,1.1,2.0,0,0.5116574497262639
0.0011,0.8,6.0,7,0.7870566425057142
0.0011,0.8,6.0,9,0.7789402128941918
0.0011,0.8,6.0,8,0.7620221380327465
0.0011,1.1,2.0,1,0.5208887737762391
0.0011,1.1,2.0,5,0.5222239486173577
0.0011,1.1,2.0,3,0.5377917583760381
0.0011,1.1,2.0,2,0.5201363048109733
0.0011,1.1,2.0,6,0.7032755261655517
0.0011,1.1,2.0,4,0.5214649607396076
0.0011,1.1,2.0,7,0.5157056459471991
0.0011,1.1,2.0,8,0.5176071842050403
0.0011,1.1,2.0,9,0.5181822691645456
0.0011,1.1,2.75,0,0.5100902315544503
0.0011,1.1,2.75,2,0.5048990582201961
0.0011,1.1,2.75,1,0.5076347541124466
0.0011,1.1,2.75,3,0.5055419185148508
0.0011,1.1,2.75,6,0.5175147174028248
0.0011,1.1,2.75,5,0.6917281204632098
0.0011,1.1,2.75,4,0.5157409985583957
0.0011,1.1,2.75,7,0.7119106245225858
0.0011,1.1,2.75,8,0.5142293917444547
0.0011,1.1,2.75,9,0.5025380676630471
0.0011,1.1,4.0,2,0.7166963968234058
0.0011,1.1,4.0,1,0.7144039702218157
0.0011,1.1,4.0,0,0.735601475352057
0.0011,1.1,4.0,3,0.744904299058667
0.0011,1.1,4.0,5,0.732106955061641
0.0011,1.1,4.0,4,0.721701337171101
0.0011,1.1,4.0,7,0.7261246057323858
0.0011,1.1,4.0,6,0.739398845776723
0.0011,1.1,4.0,8,0.7118995163543522
0.0011,1.1,6.0,0,0.7594676525262971
0.0011,1.1,4.0,9,0.7315914526624461
0.0011,1.1,6.0,1,0.7352707476635636
0.0011,1.1,6.0,4,0.7488074616018126
0.0011,1.1,6.0,2,0.7349147142660382
0.0011,1.1,6.0,3,0.7648323931165808
0.0011,1.1,6.0,7,0.7530925160535953
0.0011,1.1,6.0,5,0.7557853582267238
0.0011,1.1,6.0,6,0.7509397984941464
0.0011,1.1,6.0,8,0.7331544756145106
0.0011,1.1,6.0,9,0.7424928976769601
0.0011,1.4,2.0,0,0.6735383462272593
0.0011,1.4,2.0,1,0.5267644414490342
0.0011,1.4,2.0,2,0.5096197324998909
0.0011,1.4,2.0,4,0.5100031982730366
0.0011,1.4,2.0,3,0.6572809192686879
0.0011,1.4,2.0,6,0.6823788302368865
0.0011,1.4,2.0,5,0.6662056631310521
0.0011,1.4,2.75,1,0.7096879200883424
0.0011,1.4,2.0,7,0.5070245928699338
0.0011,1.4,2.0,8,0.5050707937303278
0.0011,1.4,2.75,0,0.718217031863043
0.0011,1.4,2.75,2,0.7058474971712125
0.0011,1.4,2.0,9,0.5064270405328394
0.0011,1.4,2.75,5,0.7056853847390299
0.0011,1.4,2.75,4,0.6899199447164237
0.0011,1.4,2.75,3,0.719840256552172
0.0011,1.4,2.75,6,0.6960925919525663
0.0011,1.4,2.75,7,0.7159807705791893
0.0011,1.4,4.0,0,0.7299961907610293
0.0011,1.4,2.75,9,0.7184730018471663
0.0011,1.4,2.75,8,0.7075330993930852
0.0011,1.4,4.0,3,0.754977361853711
0.0011,1.4,4.0,1,0.7112845728275323
0.0011,1.4,4.0,2,0.7165843943492711
0.0011,1.4,4.0,5,0.7312651172977428
0.0011,1.4,4.0,4,0.7367498101588215
0.0011,1.4,4.0,7,0.7264149751600596
0.0011,1.4,6.0,1,0.7293173949604492
0.0011,1.4,4.0,6,0.7244211122887594
0.0011,1.4,4.0,9,0.7046843213870064
0.0011,1.4,6.0,3,0.7431402284840671
0.0011,1.4,4.0,8,0.7283107690664907
0.0011,1.4,6.0,0,0.7299252821132265
0.0011,1.4,6.0,2,0.7216809969332223
0.0011,1.4,6.0,4,0.7382727220369337
0.0011,1.4,6.0,5,0.7178697586163394
0.0011,1.4,6.0,6,0.7461544024843257
0.0011,1.4,6.0,8,0.7281139321748882
0.0011,1.4,6.0,7,0.7453573976896335
0.0011,1.4,6.0,9,0.7366899006273113
0.0011,1.6,2.0,0,0.685556076510471
0.0011,1.6,2.0,1,0.5039479093181926
0.0011,1.6,2.0,2,0.6935977915752158
0.0011,1.6,2.0,4,0.5003750096206343
0.0011,1.6,2.0,3,0.5134659506889825
0.0011,1.6,2.0,6,0.5004199372006277
0.0011,1.6,2.0,5,0.7082186628063725
0.0011,1.6,2.0,7,0.5024096885610565
0.0011,1.6,2.75,0,0.7160440489562188
0.0011,1.6,2.0,9,0.6708412112957263
0.0011,1.6,2.75,2,0.7175386604290088
0.0011,1.6,2.0,8,0.5113132587204163
0.0011,1.6,2.75,3,0.7465551178145381
0.0011,1.6,2.75,1,0.6992005560545294
0.0011,1.6,2.75,4,0.7120611715044799
0.0011,1.6,2.75,5,0.727863785342537
0.0011,1.6,2.75,7,0.7196815682064952
0.0011,1.6,2.75,6,0.7219458909036914
0.0011,1.6,2.75,9,0.7225505815514139
0.0011,1.6,2.75,8,0.7200069192664942
0.0011,1.6,4.0,0,0.7290437909819947
0.0011,1.6,4.0,1,0.720318963158526
0.0011,1.6,4.0,2,0.7059131336211217
0.0011,1.6,4.0,5,0.7387660506718052
0.0011,1.6,4.0,3,0.7521114569341258
0.0011,1.6,4.0,4,0.7148606509916468
0.0011,1.6,4.0,6,0.7115223439552084
0.0011,1.6,4.0,7,0.7350605886206261
0.0011,1.6,4.0,8,0.725276589908029
0.0011,1.6,6.0,0,0.7448114512744294
0.0011,1.6,4.0,9,0.7247859477522447
0.0011,1.6,6.0,1,0.7235625745590446
0.0011,1.6,6.0,2,0.7224880097601356
0.0011,1.6,6.0,4,0.7318341413465381
0.0011,1.6,6.0,5,0.7310469030872748
0.0011,1.6,6.0,3,0.751483369497673
0.0011,1.6,6.0,6,0.7455879792836315
0.0011,1.6,6.0,7,0.7294591956568492
0.0011,1.6,6.0,8,0.7307460824698526
0.0011,1.6,6.0,9,0.728328894619068
0.0012,0.8,2.0,1,0.5196984354067807
0.0012,0.8,2.0,0,0.5178858910788547
0.0012,0.8,2.0,2,0.5389135796009734
0.0012,0.8,2.0,3,0.5412079695952765
0.0012,0.8,2.0,4,0.544146163759344
0.0012,0.8,2.0,5,0.5292126069217612
0.0012,0.8,2.0,6,0.5569679334065523
0.0012,0.8,2.0,7,0.5391282521508641
0.0012,0.8,2.0,8,0.5270702701452961
0.0012,0.8,2.0,9,0.5343748112680947
0.0012,0.8,2.75,0,0.5085823473541545
0.0012,0.8,2.75,6,0.7155854703808668
0.0012,0.8,2.75,2,0.7009802596539357
0.0012,0.8,2.75,3,0.5099110513065488
0.0012,0.8,2.75,1,0.5128715025565523
0.0012,0.8,2.75,4,0.506961536954502
0.0012,0.8,2.75,5,0.5065679195332297
0.0012,0.8,2.75,7,0.5091752791948031
0.0012,0.8,2.75,8,0.5154437434143742
0.0012,0.8,4.0,0,0.7619394711657457
0.0012,0.8,4.0,3,0.7741932182379471
0.0012,0.8,4.0,2,0.7544780714205976
0.0012,0.8,2.75,9,0.5026440577000436
0.0012,0.8,4.0,1,0.7541548034286587
0.0012,0.8,4.0,4,0.7669347776832024
0.0012,0.8,4.0,6,0.7711376657987912
0.0012,0.8,4.0,5,0.771279687859221
0.0012,0.8,4.0,7,0.7749283941918461
0.0012,0.8,4.0,8,0.7563548785703831
0.0012,0.8,4.0,9,0.7641806624944634
0.0012,0.8,6.0,1,0.7803497814388776
0.0012,0.8,6.0,0,0.7973397232215786
0.0012,0.8,6.0,2,0.7933126592766434
0.0012,0.8,6.0,3,0.8028051801536107
0.0012,0.8,6.0,5,0.7837994680248139
0.0012,0.8,6.0,4,0.7953761841084612
0.0012,0.8,6.0,8,0.7704615241352469
0.0012,0.8,6.0,6,0.8033968271340395
0.0012,0.8,6.0,7,0.7971946871010445
0.0012,0.8,6.0,9,0.7864230714846117
0.0012,1.1,2.0,0,0.5123295812741305
0.0012,1.1,2.0,1,0.5221678078497068
0.0012,1.1,2.0,2,0.5204396015107974
0.0012,1.1,2.0,3,0.5379455881742068
0.0012,1.1,2.0,4,0.5245688084769965
0.0012,1.1,2.0,7,0.7324926966087999
0.0012,1.1,2.0,5,0.5241433691377545
0.0012,1.1,2.0,8,0.5341733734061185
0.0012,1.1,2.0,6,0.7110786457813312
0.0012,1.1,2.0,9,0.5178415761824128
0.0012,1.1,2.75,0,0.7126339262325372
0.0012,1.1,2.75,1,0.5036303006576259
0.0012,1.1,2.75,2,0.5054441352609479
0.0012,1.1,2.75,3,0.7342291860301673
0.0012,1.1,2.75,4,0.5170905789266426
0.0012,1.1,2.75,6,0.737163394212627
0.0012,1.1,2.75,5,0.7018079199430818
0.0012,1.1,4.0,0,0.7475213611051
0.0012,1.1,2.75,8,0.7371243137646553
0.0012,1.1,2.75,7,0.720643141433344
0.0012,1.1,2.75,9,0.7081857447332467
0.0012,1.1,4.0,1,0.7245574672172823
0.0012,1.1,4.0,5,0.7396256593655361
0.0012,1.1,4.0,4,0.7449318819073202
0.0012,1.1,4.0,7,0.748461061568948
0.0012,1.1,4.0,3,0.7649690183321538
0.0012,1.1,4.0,2,0.7355202576424913
0.0012,1.1,4.0,8,0.7314499242337719
0.0012,1.1,4.0,6,0.7487670694991666
0.0012,1.1,4.0,9,0.748166471416069
0.0012,1.1,6.0,0,0.7701631686217549
0.0012,1.1,6.0,2,0.7440773716691402
0.0012,1.1,6.0,1,0.7564914824960154
0.0012,1.1,6.0,4,0.7598033612404769
0.0012,1.1,6.0,3,0.7780997901040922
0.0012,1.1,6.0,5,0.7655815432723743
0.0012,1.1,6.0,7,0.7755744170789158
0.0012,1.1,6.0,6,0.7625584343934728
0.0012,1.1,6.0,8,0.7512000890328556
0.0012,1.4,2.0,0,0.7041580318864624
0.0012,1.1,6.0,9,0.7537016667721264
0.0012,1.4,2.0,1,0.5276830748116197
0.0012,1.4,2.0,2,0.5079769812115149
0.0012,1.4,2.0,4,0.50478562265205
0.0012,1.4,2.0,3,0.735894835977438
0.0012,1.4,2.0,6,0.6978343432947014
0.0012,1.4,2.0,5,0.6786247813855434
0.0012,1.4,2.0,7,0.707569329082022
0.0012,1.4,2.0,8,0.7043896691847209
0.0012,1.4,2.0,9,0.507301355779968
0.0012,1.4,2.75,0,0.7306041913993673
0.0012,1.4,2.75,3,0.7435672586418378
0.0012,1.4,2.75,1,0.7176051347498853
0.0012,1.4,2.75,4,0.7042942528862604
0.0012,1.4,2.75,2,0.7201107372461857
0.0012,1.4,2.75,6,0.7097765124459497
0.0012,1.4,2.75,5,0.7224858376896126
0.0012,1.4,2.75,9,0.7285143096455556
0.0012,1.4,2.75,8,0.7259035159327881
0.0012,1.4,2.75,7,0.7289602258902634
0.0012,1.4,4.0,0,0.7437944704039878
0.0012,1.4,4.0,1,0.7196817297985478
0.0012,1.4,4.0,2,0.7413905823179634
0.0012,1.4,4.0,3,0.7681563425084297
0.0012,1.4,4.0,4,0.7402930252072824
0.0012,1.4,4.0,5,0.7487212935443815
0.0012,1.4,4.0,6,0.7381905562851855
0.0012,1.4,4.0,7,0.7433819158132833
0.0012,1.4,4.0,8,0.7470200038622371
0.0012,1.4,4.0,9,0.7284408980622984
0.0012,1.4,6.0,1,0.7392755713091399
0.0012,1.4,6.0,0,0.7393705631011984
0.0012,1.4,6.0,2,0.7344423788321484
0.0012,1.4,6.0,5,0.7335926288104235
0.0012,1.4,6.0,3,0.7561333635952394
0.0012,1.4,6.0,6,0.7622202605418718
0.0012,1.4,6.0,4,0.7574042962520571
0.0012,1.4,6.0,7,0.7493271006092699
0.0012,1.4,6.0,8,0.7471800153999479
0.0012,1.4,6.0,9,0.7452031928965843
0.0012,1.6,2.0,2,0.7063115374218616
0.0012,1.6,2.0,1,0.7217545879216101
0.0012,1.6,2.0,3,0.5125106356967088
0.0012,1.6,2.0,0,0.7176778890439527
0.0012,1.6,2.0,4,0.7204392580470826
0.0012,1.6,2.0,5,0.7232271736408761
0.0012,1.6,2.0,6,0.7230944979506361
0.0012,1.6,2.0,7,0.7400032204718541
0.0012,1.6,2.0,8,0.7188276129333604
0.0012,1.6,2.0,9,0.5018791644339019
0.0012,1.6,2.75,0,0.735167374971162
0.0012,1.6,2.75,3,0.7584618205877286
0.0012,1.6,2.75,2,0.7319216431490971
0.0012,1.6,2.75,4,0.7318666103616922
0.0012,1.6,2.75,1,0.7224125169458571
0.0012,1.6,2.75,5,0.7375043146536846
0.0012,1.6,2.75,6,0.7388105016781488
0.0012,1.6,2.75,7,0.7357232167839299
0.0012,1.6,2.75,8,0.7367031797175572
0.0012,1.6,4.0,2,0.72374924762088
0.0012,1.6,2.75,9,0.7312339201417251
0.0012,1.6,4.0,0,0.7367285607058107
0.0012,1.6,4.0,4,0.7270345204965836
0.0012,1.6,4.0,1,0.7328652131156663
0.0012,1.6,4.0,3,0.7587563514251703
0.0012,1.6,4.0,5,0.7481802007506697
0.0012,1.6,4.0,6,0.7325562455038158
0.0012,1.6,4.0,7,0.7475333951640687
0.0012,1.6,4.0,8,0.7382788848600834
0.0012,1.6,6.0,0,0.7578199818508675
0.0012,1.6,4.0,9,0.739595706592042
0.0012,1.6,6.0,3,0.7645274874551755
0.0012,1.6,6.0,1,0.7420655389515664
0.0012,1.6,6.0,2,0.7425997340281247
0.0012,1.6,6.0,5,0.7442840044340872
0.0012,1.6,6.0,4,0.7421563464427308
0.0012,1.6,6.0,8,0.746375242666082
0.0012,1.6,6.0,7,0.7534067189365699
0.0012,1.6,6.0,6,0.7600564119106319
0.0012,1.6,6.0,9,0.7432337073011637
0.0013,0.8,2.0,0,0.5186573077388996
0.0013,0.8,2.0,1,0.6852716236149325
0.0013,0.8,2.0,2,0.538733315618942
0.0013,0.8,2.0,3,0.5429596124125996
0.0013,0.8,2.0,4,0.7100886162972484
0.0013,0.8,2.0,5,0.5368016344772689
0.0013,0.8,2.0,9,0.6815617938625155
0.0013,0.8,2.0,6,0.6783093835523504
0.0013,0.8,2.75,0,0.5089455590953301
0.0013,0.8,2.0,7,0.5429120110406103
0.0013,0.8,2.0,8,0.5606048224123434
0.0013,0.8,2.75,1,0.7395319734305891
0.0013,0.8,2.75,3,0.7519325412923001
0.0013,0.8,2.75,4,0.5058593314588755
0.0013,0.8,2.75,2,0.7222558496317184
0.0013,0.8,2.75,7,0.508914128040515
0.0013,0.8,2.75,9,0.7462144957389664
0.0013,0.8,2.75,8,0.5165409639586637
0.0013,0.8,2.75,5,0.7279070119286166
0.0013,0.8,2.75,6,0.7283974351589442
0.0013,0.8,4.0,2,0.7665441379600075
0.0013,0.8,4.0,1,0.7691542875128126
0.0013,0.8,4.0,0,0.7786472412719463
0.0013,0.8,4.0,6,0.7796265735044507
0.0013,0.8,4.0,3,0.7872909528050058
0.0013,0.8,4.0,4,0.7730977169469528
0.0013,0.8,4.0,7,0.7912996387182787
0.0013,0.8,4.0,8,0.7654128706176866
0.0013,0.8,4.0,5,0.7773982910449242
0.0013,0.8,6.0,1,0.7942400939780259
0.0013,0.8,6.0,0,0.8094891066939954
0.0013,0.8,4.0,9,0.7689321639349394
0.0013,0.8,6.0,3,0.8120592927999242
0.0013,0.8,6.0,2,0.8100421688315095
0.0013,0.8,6.0,5,0.793818870358025
0.0013,0.8,6.0,4,0.8023621653785322
0.0013,0.8,6.0,6,0.8138674160093597
0.0013,0.8,6.0,7,0.8073043749938826
0.0013,1.1,2.0,0,0.5190709948726385
0.0013,0.8,6.0,8,0.7847069210335111
0.0013,0.8,6.0,9,0.7948147948924189
0.0013,1.1,2.0,1,0.6872675120762979
0.0013,1.1,2.0,3,0.5401951924988501
0.0013,1.1,2.0,2,0.5225194374543733
0.0013,1.1,2.0,7,0.7438300378697476
0.0013,1.1,2.0,9,0.707124793768182
0.0013,1.1,2.0,4,0.7203749603918039
0.0013,1.1,2.0,6,0.7227876853835933
0.0013,1.1,2.0,8,0.6750119068644249
0.0013,1.1,2.0,5,0.7095208637120174
0.0013,1.1,2.75,0,0.7318303667864854
0.0013,1.1,2.75,2,0.7311287856348747
0.0013,1.1,2.75,1,0.7076684644830635
0.0013,1.1,2.75,4,0.7389395325478413
0.0013,1.1,2.75,6,0.7440947181196542
0.0013,1.1,2.75,3,0.7453908542682126
0.0013,1.1,2.75,5,0.7333574841870745
0.0013,1.1,2.75,8,0.7544802805554962
0.0013,1.1,2.75,7,0.7364876555775379
0.0013,1.1,2.75,9,0.733046576903021
0.0013,1.1,4.0,2,0.7507230534722512
0.0013,1.1,4.0,0,0.7588116074775371
0.0013,1.1,4.0,1,0.7341763987565153
0.0013,1.1,4.0,3,0.7745510995931426
0.0013,1.1,4.0,5,0.7553063436135761
0.0013,1.1,4.0,4,0.7613172778506004
0.0013,1.1,4.0,8,0.751828730074096
0.0013,1.1,4.0,7,0.7644785561065635
0.0013,1.1,4.0,6,0.7584875476499517
0.0013,1.1,6.0,0,0.776902326308852
0.0013,1.1,4.0,9,0.7611799327611132
0.0013,1.1,6.0,1,0.7639868647915584
0.0013,1.1,6.0,4,0.7679565360657816
0.0013,1.1,6.0,2,0.7547654977698457
0.0013,1.1,6.0,3,0.78896446398472
0.0013,1.1,6.0,5,0.7759292675367058
0.0013,1.1,6.0,6,0.7805918930439391
0.0013,1.1,6.0,7,0.7881067020688151
0.0013,1.1,6.0,8,0.7599973835748561
0.0013,1.1,6.0,9,0.774028390641595
0.0013,1.4,2.0,0,0.7288688202920861
0.0013,1.4,2.0,4,0.717728910759297
0.0013,1.4,2.0,2,0.738769154410621
0.0013,1.4,2.0,3,0.7426181825639747
0.0013,1.4,2.0,1,0.6719461571353103
0.0013,1.4,2.0,5,0.7107533017106842
0.0013,1.4,2.0,6,0.7106609486724575
0.0013,1.4,2.0,7,0.7354778694445796
0.0013,1.4,2.75,2,0.7323776932232433
0.0013,1.4,2.0,8,0.7113819863808891
0.0013,1.4,2.75,0,0.7471455742834663
0.0013,1.4,2.0,9,0.7338134412856818
0.0013,1.4,2.75,1,0.7338687152102608
0.0013,1.4,2.75,4,0.7240632103785261
0.0013,1.4,2.75,6,0.7220294943280876
0.0013,1.4,2.75,3,0.7604026537277524
0.0013,1.4,2.75,5,0.7360174401663999
0.0013,1.4,2.75,7,0.7396647333115998
0.0013,1.4,4.0,0,0.7473954352297871
0.0013,1.4,2.75,9,0.7412367661538202
0.0013,1.4,2.75,8,0.7397160486712278
0.0013,1.4,4.0,1,0.7338522317164813
0.0013,1.4,4.0,2,0.7506442017304162
0.0013,1.4,4.0,3,0.7813976121641646
0.0013,1.4,4.0,4,0.7539930084654778
0.0013,1.4,4.0,5,0.7606824101095138
0.0013,1.4,4.0,7,0.7553437406889607
0.0013,1.4,4.0,6,0.7601667364295241
0.0013,1.4,4.0,8,0.753893979921147
0.0013,1.4,6.0,0,0.7569037866988642
0.0013,1.4,6.0,2,0.7486342873314071
0.0013,1.4,4.0,9,0.7447727390703189
0.0013,1.4,6.0,1,0.7532590018310535
0.0013,1.4,6.0,4,0.7655527082880819
0.0013,1.4,6.0,3,0.7630387603022704
0.0013,1.4,6.0,7,0.76218746878997
0.0013,1.4,6.0,5,0.7559635478204515
0.0013,1.4,6.0,6,0.7712993524214752
0.0013,1.4,6.0,8,0.7571913366087448
0.0013,1.4,6.0,9,0.7528933489085557
0.0013,1.6,2.0,1,0.7304523798067906
0.0013,1.6,2.0,0,0.7337650534192319
0.0013,1.6,2.0,2,0.7163573493338469
0.0013,1.6,2.0,3,0.7572465741950729
0.0013,1.6,2.0,5,0.7378046994023204
0.0013,1.6,2.0,4,0.7304033234023173
0.0013,1.6,2.0,8,0.7338823176090723
0.0013,1.6,2.0,6,0.7322620734545287
0.0013,1.6,2.0,7,0.7525137057144922
0.0013,1.6,2.0,9,0.7148965560051836
0.0013,1.6,2.75,0,0.7500505129077198
0.0013,1.6,2.75,2,0.7431521362306893
0.0013,1.6,2.75,1,0.7351863641815991
0.0013,1.6,2.75,5,0.7547982711286749
0.0013,1.6,2.75,3,0.7683962853483572
0.0013,1.6,2.75,7,0.7489187660970371
0.0013,1.6,2.75,6,0.7502964921443183
0.0013,1.6,2.75,4,0.7458071745136823
0.0013,1.6,2.75,8,0.7437627025595717
0.0013,1.6,4.0,0,0.7542957030069719
0.0013,1.6,2.75,9,0.7459540782280716
0.0013,1.6,4.0,1,0.7442426407903728
0.0013,1.6,4.0,2,0.7361906624517336
0.0013,1.6,4.0,3,0.768497760339884
0.0013,1.6,4.0,4,0.7403388720570314
0.0013,1.6,4.0,5,0.7622129914782788
0.0013,1.6,4.0,6,0.7416480579044518
0.0013,1.6,4.0,7,0.7633458358290086
0.0013,1.6,4.0,8,0.745314227469726
0.0013,1.6,4.0,9,0.7630236571203393
0.0013,1.6,6.0,0,0.7636964710112533
0.0013,1.6,6.0,3,0.7719618199267841
0.0013,1.6,6.0,1,0.7493285415041517
0.0013,1.6,6.0,2,0.7556639426164924
0.0013,1.6,6.0,4,0.7572392595999922
0.0013,1.6,6.0,5,0.7529464121613356
0.0013,1.6,6.0,8,0.7538499594981107
0.0013,1.6,6.0,7,0.7641021848726565
0.0013,1.6,6.0,6,0.7710085405098193
0.0013,1.6,6.0,9,0.7520470095080658
0.0014,0.8,2.0,0,0.7159744458358621
0.0014,0.8,2.0,1,0.6921715941007242
0.0014,0.8,2.0,2,0.7084137138589391
0.0014,0.8,2.0,4,0.7209663367254399
0.0014,0.8,2.0,3,0.7124008267973612
0.0014,0.8,2.0,6,0.7026320598091698
0.0014,0.8,2.0,5,0.6872364779233819
0.0014,0.8,2.0,9,0.6860858564725403
0.0014,0.8,2.75,0,0.7624746523843098
0.0014,0.8,2.0,8,0.5737963341827715
0.0014,0.8,2.0,7,0.7295977282419261
0.0014,0.8,2.75,1,0.7455602847591335
0.0014,0.8,2.75,2,0.7405657090965139
0.0014,0.8,2.75,6,0.7418073444288278
0.0014,0.8,2.75,4,0.7396434748045846
0.0014,0.8,2.75,5,0.7404684577202363
0.0014,0.8,2.75,3,0.7574971922882291
0.0014,0.8,2.75,9,0.7563640548552322
0.0014,0.8,2.75,7,0.7716590181712415
0.0014,0.8,2.75,8,0.7707010764373445
0.0014,0.8,4.0,0,0.7895310584429216
0.0014,0.8,4.0,3,0.7961792527635186
0.0014,0.8,4.0,1,0.7801147753425863
0.0014,0.8,4.0,2,0.7737457070426685
0.0014,0.8,4.0,4,0.7867005333003221
0.0014,0.8,4.0,5,0.788253767597223
0.0014,0.8,4.0,7,0.8015871257905827
0.0014,0.8,6.0,1,0.8085870318116222
0.0014,0.8,4.0,8,0.7740290734193955
0.0014,0.8,4.0,9,0.7821730240877642
0.0014,0.8,4.0,6,0.790268769408795
0.0014,0.8,6.0,0,0.815630032689507
0.0014,0.8,6.0,3,0.8228362112921427
0.0014,0.8,6.0,2,0.8185109209062429
0.0014,0.8,6.0,5,0.8034322229544059
0.0014,0.8,6.0,4,0.8143873978356685
0.0014,0.8,6.0,7,0.8175979331355065
0.0014,0.8,6.0,6,0.818523046703993
0.0014,0.8,6.0,8,0.7964243936384229
0.0014,1.1,2.0,0,0.7384292478004039
0.0014,0.8,6.0,9,0.8025142761866031
0.0014,1.1,2.0,1,0.697100418874842
0.0014,1.1,2.0,2,0.7133518079414374
0.0014,1.1,2.0,4,0.7315602809629431
0.0014,1.1,2.0,3,0.745773240637152
0.0014,1.1,2.0,5,0.7179806668293267
0.0014,1.1,2.0,8,0.6985361329322375
0.0014,1.1,2.0,7,0.7556767729032667
0.0014,1.1,2.0,6,0.7332941157269802
0.0014,1.1,2.0,9,0.7163765843524406
0.0014,1.1,2.75,2,0.7418242118968408
0.0014,1.1,2.75,0,0.7428403449277543
0.0014,1.1,2.75,4,0.7487631656603373
0.0014,1.1,2.75,1,0.7250355985935992
0.0014,1.1,2.75,3,0.7494303059984229
0.0014,1.1,2.75,7,0.7449520536298628
0.0014,1.1,2.75,6,0.7670104567483085
0.0014,1.1,2.75,5,0.7446297770981064
0.0014,1.1,2.75,8,0.7600001086010437
0.0014,1.1,2.75,9,0.7490904347858801
0.0014,1.1,4.0,0,0.7714332867621848
0.0014,1.1,4.0,1,0.7445510397052497
0.0014,1.1,4.0,2,0.768997607157142
0.0014,1.1,4.0,4,0.7641935122885366
0.0014,1.1,4.0,3,0.7879898814622285
0.0014,1.1,4.0,7,0.7746215697619312
0.0014,1.1,4.0,8,0.7662090932693864
0.0014,1.1,4.0,5,0.7630252110257894
0.0014,1.1,4.0,6,0.774981183229265
0.0014,1.1,6.0,0,0.7850827662884081
0.0014,1.1,4.0,9,0.7636206452783114
0.0014,1.1,6.0,2,0.7620355783659261
0.0014,1.1,6.0,5,0.7830609337967223
0.0014,1.1,6.0,1,0.773587391847145
0.0014,1.1,6.0,4,0.7780075423370942
0.0014,1.1,6.0,6,0.7894868973833169
0.0014,1.1,6.0,3,0.7952418233268423
0.0014,1.1,6.0,7,0.7925480649613634
0.0014,1.1,6.0,8,0.7654602360728686
0.0014,1.1,6.0,9,0.7789787547258269
0.0014,1.4,2.0,0,0.739785055560297
0.0014,1.4,2.0,1,0.6889443961578963
0.0014,1.4,2.0,5,0.7196007032165063
0.0014,1.4,2.0,6,0.7391415552381025
0.0014,1.4,2.0,8,0.7249425016974413
0.0014,1.4,2.0,4,0.7257566421198911
0.0014,1.4,2.0,3,0.752922926394149
0.0014,1.4,2.0,9,0.7450389198457574
0.0014,1.4,2.0,2,0.7509332881163345
0.0014,1.4,2.0,7,0.7461838896241128
0.0014,1.4,2.75,1,0.7462117554554686
0.0014,1.4,2.75,0,0.7553330571084024
0.0014,1.4,2.75,2,0.7447521715754701
0.0014,1.4,2.75,5,0.7510903906338555
0.0014,1.4,2.75,4,0.7466641964199914
0.0014,1.4,2.75,3,0.7733410706553953
0.0014,1.4,2.75,6,0.7373562021100384
0.0014,1.4,2.75,7,0.7501294034399981
0.0014,1.4,2.75,9,0.7535080971265364
0.0014,1.4,2.75,8,0.7430291005096559
0.0014,1.4,4.0,1,0.7455659126591341
0.0014,1.4,4.0,0,0.76437414479824
0.0014,1.4,4.0,2,0.7629895394389262
0.0014,1.4,4.0,7,0.7675155884973514
0.0014,1.4,4.0,3,0.7892775913936869
0.0014,1.4,4.0,4,0.7627271635360533
0.0014,1.4,6.0,0,0.7699940052780725
0.0014,1.4,4.0,6,0.7667461259213177
0.0014,1.4,4.0,5,0.7658673990851332
0.0014,1.4,4.0,9,0.7529297995556603
0.0014,1.4,4.0,8,0.7659429457117083
0.0014,1.4,6.0,2,0.7551635165620809
0.0014,1.4,6.0,1,0.7621072862635387
0.0014,1.4,6.0,3,0.7691578034358613
0.0014,1.4,6.0,5,0.7698812677749323
0.0014,1.4,6.0,4,0.7748258990395135
0.0014,1.4,6.0,7,0.7753300966118515
0.0014,1.4,6.0,6,0.7768104581563662
0.0014,1.4,6.0,8,0.7669716555976103
0.0014,1.4,6.0,9,0.7636291200787775
0.0014,1.6,2.0,0,0.7446729803307834
0.0014,1.6,2.0,2,0.7341013962998442
0.0014,1.6,2.0,1,0.7434651801726913
0.0014,1.6,2.0,3,0.7750184173153969
0.0014,1.6,2.0,4,0.7432914311937644
0.0014,1.6,2.0,5,0.7497541287793645
0.0014,1.6,2.0,6,0.7389687481599246
0.0014,1.6,2.75,1,0.7494013340134038
0.0014,1.6,2.0,7,0.7638228956474049
0.0014,1.6,2.0,8,0.75125719458164
0.0014,1.6,2.75,2,0.7538453774443877
0.0014,1.6,2.0,9,0.7240162417599825
0.0014,1.6,2.75,0,0.7555927070095589
0.0014,1.6,2.75,3,0.7743625401718992
0.0014,1.6,2.75,5,0.7654982520449378
0.0014,1.6,2.75,4,0.7562802879878572
0.0014,1.6,2.75,6,0.7670334176887885
0.0014,1.6,2.75,8,0.7532131933787884
0.0014,1.6,2.75,7,0.7686965016444833
0.0014,1.6,2.75,9,0.7598762442998213
0.0014,1.6,4.0,0,0.7703614937470888
0.0014,1.6,4.0,1,0.758584320914724
0.0014,1.6,4.0,3,0.7763264663081197
0.0014,1.6,4.0,6,0.752096885888446
0.0014,1.6,4.0,4,0.7490172544649049
0.0014,1.6,4.0,7,0.7758216879253774
0.0014,1.6,4.0,5,0.7734497425296454
0.0014,1.6,4.0,2,0.748256203979546
0.0014,1.6,4.0,9,0.7707793202381557
0.0014,1.6,6.0,0,0.7728549511288055
0.0014,1.6,4.0,8,0.7659807010745374
0.0014,1.6,6.0,2,0.7662927374065693
0.0014,1.6,6.0,1,0.7593725470797847
0.0014,1.6,6.0,3,0.7828474737844422
0.0014,1.6,6.0,4,0.7668017697884589
0.0014,1.6,6.0,5,0.7670169861271476
0.0014,1.6,6.0,6,0.7796572947627936
0.0014,1.6,6.0,7,0.7681784220351124
0.0014,1.6,6.0,9,0.7645077177516433
0.0014,1.6,6.0,8,0.7657126284983599
0.0016,0.8,2.0,0,0.7348855961296924
0.0016,0.8,2.0,1,0.7233386741854211
0.0016,0.8,2.0,2,0.7364182024780928
0.0016,0.8,2.0,3,0.746939156544437
0.0016,0.8,2.0,4,0.739603011107425
0.0016,0.8,2.0,5,0.7274741456985705
0.0016,0.8,2.0,6,0.7499831193085669
0.0016,0.8,2.0,9,0.71925643561539
0.0016,0.8,2.0,7,0.749586588731368
0.0016,0.8,2.0,8,0.735365511862569
0.0016,0.8,2.75,0,0.7858823443259311
0.0016,0.8,2.75,3,0.7849473942347784
0.0016,0.8,2.75,1,0.7634766869019938
0.0016,0.8,2.75,2,0.7636708644893966
0.0016,0.8,2.75,5,0.7595910989094733
0.0016,0.8,2.75,4,0.7548737042361489
0.0016,0.8,2.75,6,0.7659257723196342
0.0016,0.8,2.75,7,0.790739116724132
0.0016,0.8,2.75,8,0.7766791888870053
0.0016,0.8,4.0,1,0.7925604934966939
0.0016,0.8,4.0,0,0.8026785801731757
0.0016,0.8,4.0,2,0.7982983644108699
0.0016,0.8,4.0,3,0.8152477185501732
0.0016,0.8,2.75,9,0.7734132021742396
0.0016,0.8,4.0,4,0.7983698172998035
0.0016,0.8,4.0,7,0.818713391940391
0.0016,0.8,4.0,5,0.8038997905271659
0.0016,0.8,4.0,6,0.8041812592643796
0.0016,0.8,6.0,0,0.8267370300275014
0.0016,0.8,4.0,9,0.8021080760986252
0.0016,0.8,6.0,1,0.8197803746292427
0.0016,0.8,4.0,8,0.7968800680174537
0.0016,0.8,6.0,2,0.8321243816275902
0.0016,0.8,6.0,5,0.8232650209184658
0.0016,0.8,6.0,4,0.8235003047184553
0.0016,0.8,6.0,3,0.8331086189190563
0.0016,0.8,6.0,6,0.8279315120747346
0.0016,0.8,6.0,9,0.8162697078132938
0.0016,0.8,6.0,7,0.828751534385129
0.0016,1.1,2.0,1,0.731918845461878
0.0016,1.1,2.0,0,0.753919691094399
0.0016,0.8,6.0,8,0.8099294834223356
0.0016,1.1,2.0,2,0.7339817636571593
0.0016,1.1,2.0,3,0.7687138991676867
0.0016,1.1,2.0,4,0.7508173786896558
0.0016,1.1,2.0,5,0.7579103451786987
0.0016,1.1,2.0,6,0.7552244539936356
0.0016,1.1,2.0,7,0.775360732469905
0.0016,1.1,2.75,0,0.7591167707665574
0.0016,1.1,2.0,8,0.754069361606565
0.0016,1.1,2.0,9,0.7425678201160265
0.0016,1.1,2.75,2,0.7547065814683847
0.0016,1.1,2.75,1,0.7488496697463236
0.0016,1.1,2.75,3,0.7763323246787941
0.0016,1.1,2.75,4,0.7658691235935413
0.0016,1.1,2.75,5,0.7652219621155796
0.0016,1.1,2.75,6,0.7798569029387443
0.0016,1.1,2.75,9,0.7635759299497606
0.0016,1.1,4.0,0,0.7902795908575023
0.0016,1.1,4.0,2,0.7856195943368389
0.0016,1.1,2.75,7,0.7766538602167947
0.0016,1.1,2.75,8,0.7767842148963051
0.0016,1.1,4.0,1,0.7694269480120411
0.0016,1.1,4.0,4,0.7778535821718631
0.0016,1.1,4.0,3,0.8107120177594554
0.0016,1.1,4.0,5,0.7828960323757523
0.0016,1.1,4.0,6,0.7920514024254433
0.0016,1.1,4.0,8,0.7948254882729423
0.0016,1.1,4.0,7,0.7940748086578778
0.0016,1.1,6.0,0,0.7989594776185527
0.0016,1.1,4.0,9,0.7819251636897204
0.0016,1.1,6.0,1,0.789220537450743
0.0016,1.1,6.0,2,0.7917795304098267
0.0016,1.1,6.0,3,0.806916234192063
0.0016,1.1,6.0,7,0.8092575912735932
0.0016,1.1,6.0,9,0.7965050623275047
0.0016,1.1,6.0,8,0.7929750704904275
0.0016,1.1,6.0,6,0.8124773590726276
0.0016,1.1,6.0,4,0.7941279130710109
0.0016,1.1,6.0,5,0.8027869861079358
0.0016,1.4,2.0,0,0.756652180047261
0.0016,1.4,2.0,1,0.7467887627815737
0.0016,1.4,2.0,2,0.7696370462823523
0.0016,1.4,2.0,4,0.7504897067918856
0.0016,1.4,2.0,5,0.7416140423005766
0.0016,1.4,2.0,3,0.7735827059135174
0.0016,1.4,2.0,7,0.7712805531196976
0.0016,1.4,2.0,6,0.7594791082642744
0.0016,1.4,2.0,8,0.7526648931096228
0.0016,1.4,2.75,0,0.7819108898185956
0.0016,1.4,2.0,9,0.7603213964518062
0.0016,1.4,2.75,1,0.7672376448860334
0.0016,1.4,2.75,3,0.7917890899232459
0.0016,1.4,2.75,4,0.7675165383855401
0.0016,1.4,2.75,5,0.7736109616858753
0.0016,1.4,2.75,2,0.767370171207082
0.0016,1.4,2.75,6,0.7619612099311588
0.0016,1.4,2.75,7,0.7703235231765726
0.0016,1.4,2.75,8,0.7624248819031151
0.0016,1.4,4.0,0,0.7766620292264278
0.0016,1.4,4.0,3,0.8041714022664144
0.0016,1.4,2.75,9,0.7705928446109014
0.0016,1.4,4.0,1,0.7670687478550822
0.0016,1.4,4.0,4,0.7872826041843145
0.0016,1.4,4.0,5,0.7827240465976194
0.0016,1.4,4.0,2,0.7765410687922096
0.0016,1.4,4.0,6,0.7865111754977484
0.0016,1.4,4.0,7,0.7959215107313012
0.0016,1.4,4.0,8,0.7876753945605417
0.0016,1.4,6.0,1,0.7801001928283625
0.0016,1.4,6.0,0,0.7880844890144068
0.0016,1.4,6.0,3,0.7912209581538485
0.0016,1.4,4.0,9,0.7732735130487314
0.0016,1.4,6.0,2,0.7762508223806663
0.0016,1.4,6.0,4,0.7957083086138566
0.0016,1.4,6.0,6,0.7948561573082034
0.0016,1.4,6.0,5,0.7898235330657768
0.0016,1.4,6.0,7,0.7942783497723565
0.0016,1.6,2.0,3,0.7838908846516257
0.0016,1.6,2.0,0,0.7676785097947422
0.0016,1.4,6.0,9,0.7757740394469044
0.0016,1.4,6.0,8,0.7832780123016982
0.0016,1.6,2.0,4,0.7565428217381227
0.0016,1.6,2.0,2,0.7668330293416181
0.0016,1.6,2.0,6,0.7641786607579446
0.0016,1.6,2.0,1,0.7597838640272947
0.0016,1.6,2.0,5,0.7707943493566283
0.0016,1.6,2.0,7,0.7811605672506625
0.0016,1.6,2.0,8,0.7701182508363905
0.0016,1.6,2.75,0,0.7759567142721331
0.0016,1.6,2.75,1,0.7663033534550019
0.0016,1.6,2.75,4,0.7710115552071916
0.0016,1.6,2.75,3,0.7957291296095513
0.0016,1.6,2.0,9,0.7517730243118912
0.0016,1.6,2.75,2,0.7683761934301129
0.0016,1.6,2.75,5,0.7850374294205908
0.0016,1.6,2.75,7,0.783298680651445
0.0016,1.6,2.75,8,0.7678996945160643
0.0016,1.6,2.75,6,0.7868191081106681
0.0016,1.6,2.75,9,0.7780124173536858
0.0016,1.6,4.0,2,0.7744104717273205
0.0016,1.6,4.0,0,0.793190817021985
0.0016,1.6,4.0,3,0.7958973699981482
0.0016,1.6,4.0,4,0.7728611984322499
0.0016,1.6,4.0,1,0.7782465426609677
0.0016,1.6,4.0,6,0.7797159371647863
0.0016,1.6,4.0,5,0.7866893254026956
0.0016,1.6,4.0,8,0.7852765465076119
0.0016,1.6,4.0,7,0.7986800353216015
0.0016,1.6,4.0,9,0.7934781377563507
0.0016,1.6,6.0,0,0.796598713846381
0.0016,1.6,6.0,1,0.7778149052425224
0.0016,1.6,6.0,4,0.7987456073775046
0.0016,1.6,6.0,2,0.780467780533272
0.0016,1.6,6.0,5,0.7901560575816551
0.0016,1.6,6.0,3,0.8009279478890619
0.0016,1.6,6.0,7,0.793793445651522
0.0016,1.6,6.0,6,0.7976949135836604
0.0016,1.6,6.0,8,0.7836499358758837
0.0018,0.8,2.0,2,0.7577214930677819
0.0018,0.8,2.0,1,0.7502954597474533
0.0018,0.8,2.0,0,0.7599356616066457
0.0016,1.6,6.0,9,0.7833732239289624
0.0018,0.8,2.0,3,0.7815194662741911
0.0018,0.8,2.0,5,0.74935476315353
0.0018,0.8,2.0,4,0.7517350961417044
0.0018,0.8,2.0,6,0.7603236228555922
0.0018,0.8,2.0,7,0.7740098444092128
0.0018,0.8,2.0,9,0.7439625601525728
0.0018,0.8,2.0,8,0.7663926000328862
0.0018,0.8,2.75,0,0.8026851128124273
0.0018,0.8,2.75,1,0.7790188656312711
0.0018,0.8,2.75,2,0.7786565705236429
0.0018,0.8,2.75,4,0.7730353904460608
0.0018,0.8,2.75,3,0.8033868011970223
0.0018,0.8,2.75,5,0.774914603477723
0.0018,0.8,2.75,6,0.7899085946560371
0.0018,0.8,2.75,7,0.8061195747594632
0.0018,0.8,2.75,8,0.7872440154149881
0.0018,0.8,2.75,9,0.789139940427856
0.0018,0.8,4.0,0,0.8149699760200118
0.0018,0.8,4.0,1,0.8063199135882729
0.0018,0.8,4.0,3,0.8270012825125052
0.0018,0.8,4.0,2,0.8116333839814521
0.0018,0.8,4.0,4,0.8114081330590447
0.0018,0.8,4.0,5,0.8176148658470905
0.0018,0.8,4.0,7,0.828863373299904
0.0018,0.8,4.0,8,0.8162487641506235
0.0018,0.8,4.0,6,0.817013544874798
0.0018,0.8,4.0,9,0.8097326849820812
0.0018,0.8,6.0,0,0.8383829450936473
0.0018,0.8,6.0,1,0.8272930858542098
0.0018,0.8,6.0,2,0.843341079404444
0.0018,0.8,6.0,3,0.8432426888835844
0.0018,0.8,6.0,6,0.8361943305197781
0.0018,0.8,6.0,4,0.8301109661862374
0.0018,0.8,6.0,5,0.8350127262271387
0.0018,0.8,6.0,7,0.840406740205349
0.0018,0.8,6.0,8,0.8221435507995232
0.0018,0.8,6.0,9,0.8272354592535396
0.0018,1.1,2.0,2,0.7526985171102429
0.0018,1.1,2.0,0,0.7744229546178951
0.0018,1.1,2.0,1,0.7432459522067125
0.0018,1.1,2.0,3,0.7875215122375455
0.0018,1.1,2.0,6,0.7621778588050967
0.0018,1.1,2.0,4,0.7670990438840602
0.0018,1.1,2.0,5,0.7790789247018486
0.0018,1.1,2.0,7,0.7871655861415561
0.0018,1.1,2.0,8,0.7665605566469493
0.0018,1.1,2.0,9,0.7594572569686373
0.0018,1.1,2.75,0,0.7789486380392543
0.0018,1.1,2.75,1,0.7638900398986594
0.0018,1.1,2.75,3,0.796621094084071
0.0018,1.1,2.75,2,0.7707802015346519
0.0018,1.1,2.75,4,0.7917825895557474
0.0018,1.1,2.75,5,0.7909926120961436
0.0018,1.1,2.75,7,0.8064166664437602
0.0018,1.1,2.75,6,0.793172088328738
0.0018,1.1,2.75,8,0.7902595443942216
0.0018,1.1,2.75,9,0.7817412795303772
0.0018,1.1,4.0,4,0.7938431963294984
0.0018,1.1,4.0,0,0.8067382553225328
0.0018,1.1,4.0,1,0.7836841145874058
0.0018,1.1,4.0,3,0.8210852594621298
0.0018,1.1,4.0,2,0.7948362479327169
0.0018,1.1,4.0,7,0.8107191411027812
0.0018,1.1,4.0,5,0.7973844233157161
0.0018,1.1,4.0,6,0.8014784285564336
0.0018,1.1,4.0,9,0.7949004434071636
0.0018,1.1,6.0,0,0.8179485593974822
0.0018,1.1,4.0,8,0.8079039789572378
0.0018,1.1,6.0,2,0.809582743682808
0.0018,1.1,6.0,1,0.8007277820187965
0.0018,1.1,6.0,4,0.8057757945363122
0.0018,1.1,6.0,5,0.8198263059712245
0.0018,1.1,6.0,3,0.8221403970849709
0.0018,1.1,6.0,6,0.8234967704277167
0.0018,1.1,6.0,9,0.8155264868231962
0.0018,1.1,6.0,7,0.824707315601463
0.0018,1.1,6.0,8,0.8066888422797743
0.0018,1.4,2.0,0,0.7703853683926843
0.0018,1.4,2.0,3,0.7854900896597095
0.0018,1.4,2.0,1,0.7656404118478211
0.0018,1.4,2.0,5,0.7577304345264512
0.0018,1.4,2.0,2,0.7848312719227968
0.0018,1.4,2.0,4,0.7686570963419017
0.0018,1.4,2.0,7,0.7860252068994877
0.0018,1.4,2.0,6,0.7741160277924983
0.0018,1.4,2.0,9,0.7737789993764068
0.0018,1.4,2.75,1,0.7863338649772842
0.0018,1.4,2.0,8,0.7699538342563472
0.0018,1.4,2.75,2,0.7831399695619277
0.0018,1.4,2.75,3,0.8084190414632043
0.0018,1.4,2.75,0,0.7918965791369371
0.0018,1.4,2.75,4,0.7830946715634544
0.0018,1.4,2.75,7,0.7890211794262361
0.0018,1.4,2.75,6,0.783923309498757
0.0018,1.4,2.75,5,0.7918751949198835
0.0018,1.4,2.75,8,0.7843895579836522
0.0018,1.4,2.75,9,0.7857620670652685
0.0018,1.4,4.0,0,0.795837871458448
0.0018,1.4,4.0,1,0.7828673287058088
0.0018,1.4,4.0,3,0.8148464552090608
0.0018,1.4,4.0,2,0.7854370353041098
0.0018,1.4,4.0,4,0.8012900274917003
0.0018,1.4,4.0,5,0.7965044020674477
0.0018,1.4,4.0,6,0.8005282296362859
0.0018,1.4,4.0,7,0.8136328636639899
0.0018,1.4,4.0,9,0.7998780529242984
0.0018,1.4,6.0,0,0.8095745812265613
0.0018,1.4,4.0,8,0.7996086142387828
0.0018,1.4,6.0,2,0.7948206825888784
0.0018,1.4,6.0,1,0.7884259880273706
0.0018,1.4,6.0,4,0.8071597450330812
0.0018,1.4,6.0,5,0.8040024936937213
0.0018,1.4,6.0,3,0.8086768197871848
0.0018,1.4,6.0,6,0.808423033007432
0.0018,1.4,6.0,8,0.7984435680426889
0.0018,1.4,6.0,7,0.8114024119035996
0.0018,1.6,2.0,0,0.7860286334281914
0.0018,1.6,2.0,1,0.7789430815805076
0.0018,1.4,6.0,9,0.7928194346405578
0.0018,1.6,2.0,2,0.775286216072513
0.0018,1.6,2.0,3,0.8056621923669416
0.0018,1.6,2.0,4,0.7726535067997222
0.0018,1.6,2.0,7,0.800981211032263
0.0018,1.6,2.0,5,0.7813827416414192
0.0018,1.6,2.0,6,0.7799061849573359
0.0018,1.6,2.0,8,0.7894871919719149
0.0018,1.6,2.0,9,0.7632901180544708
0.0018,1.6,2.75,1,0.7860377774063196
0.0018,1.6,2.75,0,0.7919760012242547
0.0018,1.6,2.75,4,0.7875818394284428
0.0018,1.6,2.75,2,0.7935322091264996
0.0018,1.6,2.75,3,0.8068474158616799
0.0018,1.6,2.75,6,0.8004403060349352
0.0018,1.6,2.75,5,0.8099831720501378
0.0018,1.6,2.75,9,0.7883122816087944
0.0018,1.6,2.75,7,0.8027088610392443
0.0018,1.6,4.0,0,0.8100672402657398
0.0018,1.6,2.75,8,0.7940414857386779
0.0018,1.6,4.0,2,0.787805182616484
0.0018,1.6,4.0,1,0.7907657786981054
0.0018,1.6,4.0,3,0.8234040426322747
0.0018,1.6,4.0,4,0.7912094939280241
0.0018,1.6,4.0,5,0.8055820651933765
0.0018,1.6,4.0,6,0.794900319117071
0.0018,1.6,4.0,7,0.8086782950485791
0.0018,1.6,4.0,8,0.8012637451445908
0.0018,1.6,6.0,0,0.8111284590087242
0.0018,1.6,4.0,9,0.7997911537011024
0.0018,1.6,6.0,1,0.7937692413523765
0.0018,1.6,6.0,2,0.7999391806565007
0.0018,1.6,6.0,3,0.8180444946958012
0.0018,1.6,6.0,4,0.8133146395855269
0.0018,1.6,6.0,5,0.805554728380143
0.0018,1.6,6.0,7,0.8100615370999791
0.0018,1.6,6.0,6,0.8125211208651106
0.0018,1.6,6.0,9,0.7968905606891967
0.0018,1.6,6.0,8,0.8008876115299468
0.002,0.8,2.0,1,0.773515789951404
0.002,0.8,2.0,0,0.778923742981402
0.002,0.8,2.0,3,0.7955890494574267
0.002,0.8,2.0,2,0.7738955853534805
0.002,0.8,2.0,4,0.770548844225132
0.002,0.8,2.0,5,0.7629144228866522
0.002,0.8,2.0,6,0.7807178182018335
0.002,0.8,2.0,7,0.7825395114658606
0.002,0.8,2.75,2,0.7965006746999042
0.002,0.8,2.0,8,0.7834272387357643
0.002,0.8,2.0,9,0.7627901248383134
0.002,0.8,2.75,1,0.7938953513355897
0.002,0.8,2.75,0,0.8177949823508195
0.002,0.8,2.75,4,0.7902348431335326
0.002,0.8,2.75,3,0.8171466618362981
0.002,0.8,2.75,6,0.8062310232227112
0.002,0.8,2.75,8,0.8008776264339901
0.002,0.8,2.75,5,0.7950566716553349
0.002,0.8,4.0,0,0.8268049074506592
0.002,0.8,2.75,7,0.8163589040261218
0.002,0.8,2.75,9,0.7969371770945934
0.002,0.8,4.0,1,0.8215344434833826
0.002,0.8,4.0,2,0.8199222870833216
0.002,0.8,4.0,3,0.834522338898712
0.002,0.8,4.0,4,0.8212416819786339
0.002,0.8,4.0,7,0.8416241749419299
0.002,0.8,4.0,5,0.8259183728360291
0.002,0.8,4.0,6,0.8287001835595186
0.002,0.8,4.0,8,0.8247472958215128
0.002,0.8,4.0,9,0.8208758669260616
0.002,0.8,6.0,0,0.8461270287808977
0.002,0.8,6.0,3,0.8517644951812948
0.002,0.8,6.0,2,0.8486008305923478
0.002,0.8,6.0,4,0.840397240239774
0.002,0.8,6.0,1,0.8340056247583818
0.002,0.8,6.0,6,0.8437144785450412
0.002,0.8,6.0,5,0.8432004019752308
0.002,0.8,6.0,8,0.8311006118768802
0.002,0.8,6.0,7,0.8504567442772732
0.002,1.1,2.0,0,0.7879869696155943
0.002,0.8,6.0,9,0.8377020179310368
0.002,1.1,2.0,1,0.7743277983712227
0.002,1.1,2.0,2,0.7689541711976418
0.002,1.1,2.0,5,0.791452574991723
0.002,1.1,2.0,3,0.800702185310459
0.002,1.1,2.0,4,0.7819465391712002
0.002,1.1,2.0,7,0.8051552765642067
0.002,1.1,2.0,8,0.7763783859962894
0.002,1.1,2.0,6,0.7826304565435
0.002,1.1,2.0,9,0.7747684298293926
0.002,1.1,2.75,0,0.7883956647325085
0.002,1.1,2.75,1,0.7814328945562359
0.002,1.1,2.75,2,0.7870642212486474
0.002,1.1,2.75,3,0.8115733785061447
0.002,1.1,2.75,5,0.804210741774621
0.002,1.1,2.75,6,0.8057583638625838
0.002,1.1,2.75,4,0.8062269587561259
0.002,1.1,2.75,7,0.8183973957877659
0.002,1.1,2.75,8,0.7978150420025536
0.002,1.1,4.0,1,0.7948500832994234
0.002,1.1,2.75,9,0.794724913980275
0.002,1.1,4.0,0,0.8233414431764577
0.002,1.1,4.0,2,0.8039622445259815
0.002,1.1,4.0,3,0.8320930878876975
0.002,1.1,4.0,6,0.8157918148327356
0.002,1.1,4.0,7,0.8249696439020302
0.002,1.1,4.0,5,0.8126921581849701
0.002,1.1,4.0,4,0.811830000121271
0.002,1.1,4.0,8,0.8162192488669816
0.002,1.1,4.0,9,0.8063665982959387
0.002,1.1,6.0,1,0.8095153451622086
0.002,1.1,6.0,0,0.8273101315662541
0.002,1.1,6.0,4,0.8151731780199756
0.002,1.1,6.0,2,0.8181997990335607
0.002,1.1,6.0,5,0.8287343447714082
0.002,1.1,6.0,7,0.8404860197549591
0.002,1.1,6.0,3,0.8281579251697996
0.002,1.1,6.0,6,0.8335319814699611
0.002,1.1,6.0,8,0.8113938474948744
0.002,1.1,6.0,9,0.8253010435230932
0.002,1.4,2.0,0,0.7854452227244328
0.002,1.4,2.0,3,0.8051088317030906
0.002,1.4,2.0,2,0.7930779290914536
0.002,1.4,2.0,1,0.7863494079864413
0.002,1.4,2.0,4,0.7945686812024595
0.002,1.4,2.0,5,0.7840093170903832
0.002,1.4,2.0,6,0.7872266448033711
0.002,1.4,2.0,8,0.7852121958892024
0.002,1.4,2.0,9,0.7857179520767743
0.002,1.4,2.0,7,0.7992041308998283
0.002,1.4,2.75,0,0.810084082069997
0.002,1.4,2.75,1,0.7971363263776191
0.002,1.4,2.75,2,0.7977584574843258
0.002,1.4,2.75,5,0.800253908163677
0.002,1.4,2.75,4,0.8003431029348027
0.002,1.4,2.75,3,0.8204764796131305
0.002,1.4,2.75,6,0.8018820450885669
0.002,1.4,2.75,7,0.8076209321694152
0.002,1.4,2.75,8,0.7899506164254237
0.002,1.4,2.75,9,0.7961630786142503
0.002,1.4,4.0,1,0.7945561468369036
0.002,1.4,4.0,0,0.8073510629029235
0.002,1.4,4.0,4,0.8155677891200203
0.002,1.4,4.0,5,0.8103426731576989
0.002,1.4,4.0,2,0.798260293569885
0.002,1.4,4.0,3,0.8246350114898171
0.002,1.4,4.0,6,0.812779691456162
0.002,1.4,4.0,8,0.8113143067304877
0.002,1.4,4.0,7,0.8238424537074203
0.002,1.4,6.0,1,0.7989506462785209
0.002,1.4,6.0,2,0.8070069067825708
0.002,1.4,6.0,0,0.8278317072880614
0.002,1.4,4.0,9,0.8074229066312322
0.002,1.4,6.0,4,0.8166874948644924
0.002,1.4,6.0,3,0.8172567791763583
0.002,1.4,6.0,5,0.8169567810986469
0.002,1.4,6.0,6,0.8171952323167156
0.002,1.4,6.0,7,0.8262729151434519
0.002,1.4,6.0,8,0.8103629025874939
0.002,1.6,2.0,0,0.8042850041845406
0.002,1.6,2.0,3,0.8172498793175641
0.002,1.4,6.0,9,0.7997555535357448
0.002,1.6,2.0,2,0.7876676895792627
0.002,1.6,2.0,1,0.7942584984616723
0.002,1.6,2.0,4,0.7891752025656305
0.002,1.6,2.0,6,0.7954699424488427
0.002,1.6,2.0,7,0.812048359653673
0.002,1.6,2.0,5,0.79841233552284
0.002,1.6,2.75,0,0.8044795427800786
0.002,1.6,2.0,9,0.7836037244937022
0.002,1.6,2.0,8,0.8034371710312136
0.002,1.6,2.75,1,0.7944627887304049
0.002,1.6,2.75,3,0.8150918358186912
0.002,1.6,2.75,4,0.8015195118869415
0.002,1.6,2.75,2,0.8006859471525727
0.002,1.6,2.75,6,0.8193214794077965
0.002,1.6,2.75,5,0.8216837283602907
0.002,1.6,2.75,7,0.821090931885197
0.002,1.6,2.75,8,0.8049588856548912
0.002,1.6,2.75,9,0.8010313862184095
0.002,1.6,4.0,0,0.8198435499926325
0.002,1.6,4.0,2,0.8035759759933097
0.002,1.6,4.0,4,0.8079531797001596
0.002,1.6,4.0,1,0.8051231168909028
0.002,1.6,4.0,3,0.8323718361743995
0.002,1.6,4.0,8,0.8087300918961831
0.002,1.6,4.0,5,0.8164433052904858
0.002,1.6,4.0,6,0.8025775935782329
0.002,1.6,4.0,9,0.8094062000479552
0.002,1.6,4.0,7,0.819214380387617
0.002,1.6,6.0,0,0.82285606207764
0.002,1.6,6.0,1,0.8055091007845432
0.002,1.6,6.0,2,0.8164621606491287
0.002,1.6,6.0,3,0.8269634284250709
0.002,1.6,6.0,4,0.8263631813335162
0.002,1.6,6.0,5,0.8152731055708503
0.002,1.6,6.0,6,0.8200141477794931
0.002,1.6,6.0,7,0.8285935363088165
0.002,1.6,6.0,9,0.8122231256673029
0.002,1.6,6.0,8,0.8178636596697695
